{
  "mus": [
    -0.1,
    -0.05,
    0,
    0.05,
    0.1,
    0.15,
    0.2
  ],
  "Ts": [
    0.25,
    0.5,
    1,
    2,
    3
  ],
  "values": [
    [
      1.036983694810028,
      1.0241820854850059,
      0.9992071106224245,
      0.9516635463405952,
      0.9071362276139876
    ],
    [
      1.04346475851396,
      1.036983694810028,
      1.0241820854850059,
      0.9992071106224245,
      0.9750441650245953
    ],
    [
      1.05,
      1.05,
      1.05,
      1.05,
      1.05
    ],
    [
      1.0565899294132874,
      1.0632350620260114,
      1.076693023896505,
      1.1042946397943,
      1.1328396990979819
    ],
    [
      1.0632350620260114,
      1.076693023896505,
      1.1042946397943,
      1.1623644803408917,
      1.2245058265160111
    ],
    [
      1.069935918291102,
      1.0903781123848415,
      1.1328396990979819,
      1.224505826516011,
      1.326061766143727
    ],
    [
      1.076693023896505,
      1.1042946397943,
      1.1623644803408917,
      1.2910398313083347,
      1.4387079006833907
    ]
  ]
}